<?xml version="1.0" encoding="UTF-8" standalone="no"?>
<Application>
    <Entry>foo</Entry>
    <Name>
        <English>Open_Torch</English>
        <eng-GB>Open_Torch</eng-GB>
        <pl-PL>Latarka</pl-PL>
    </Name>
    <Vendor/>
    <Description/>
    <Icons>
        <MainMenu>foo.png<Type1>foo.png</Type1>
            <Type2/>
        </MainMenu>
        <Setting/>
        <Ticker/>
        <QuickPanel/>
        <LaunchImage>Splash.png<Type1>Splash.png</Type1>
            <Type2/>
        </LaunchImage>
    </Icons>
    <AutoScaling>
        <Enabled>false</Enabled>
    </AutoScaling>
</Application>
