<?xml version="1.0" encoding="UTF-8"?>
<external-calls>
  <appname>foo</appname>
    <ext-function>Osp::Media::VideoRecorder::SetMaxRecordingSize</ext-function>
    <ext-function>Osp::Ui::Controls::Form::Construct</ext-function>
    <ext-function>Osp::Media::Camera::StartPreview</ext-function>
    <ext-function>Osp::Ui::Control::Show</ext-function>
    <ext-function>Osp::Media::VideoRecorder::Close</ext-function>
    <ext-function>Osp::Ui::Controls::Frame::SetCurrentForm</ext-function>
    <ext-function>Osp::App::Application::Execute</ext-function>
    <ext-function>Osp::Media::VideoRecorder::Cancel</ext-function>
    <ext-function>Osp::Ui::Control::Draw</ext-function>
    <ext-function>Osp::Media::VideoRecorder::Record</ext-function>
    <ext-function>Osp::Ui::Control::RequestRedraw</ext-function>
    <ext-function>Osp::Media::VideoRecorder::CreateVideoFile</ext-function>
    <ext-function>Osp::Media::VideoRecorder::Record</ext-function>
    <ext-function>Osp::Media::Camera::Construct</ext-function>
    <ext-function>Osp::System::RuntimeInfo::GetValue</ext-function>
    <ext-function>Osp::Media::VideoRecorder::SetQuality</ext-function>
    <ext-function>Osp::Media::VideoRecorder::SetMode</ext-function>
    <ext-function>Osp::Media::Camera::SetFlash</ext-function>
    <ext-function>Osp::Base::Long::operator=</ext-function>
    <ext-function>Osp::Ui::Control::RequestRedraw</ext-function>
    <ext-function>Osp::Media::Camera::PowerOn</ext-function>
    <ext-function>Osp::Media::VideoRecorder::CreateVideoFile</ext-function>
    <ext-function>Osp::Base::Collection::ArrayList::Construct</ext-function>
    <ext-function>Osp::Ui::Controls::MessageBox::Construct</ext-function>
    <ext-function>Osp::Ui::Controls::MessageBox::ShowAndWait</ext-function>
    <ext-function>Osp::Media::VideoRecorder::Cancel</ext-function>
    <ext-function>It would be great if you send me this error descrpition</ext-function>
    <ext-function>Osp::Ui::Controls::Frame::AddControl</ext-function>
    <ext-function>Osp::Media::VideoRecorder::Close</ext-function>
    <ext-function>Osp::Ui::Controls::MessageBox::Construct</ext-function>
    <ext-function>Osp::System::RuntimeInfo::GetValue</ext-function>
    <ext-function>Do not forget to turn this app off</ext-function>
    <ext-function>please close this app</ext-function>
    <ext-function>Osp::Media::VideoRecorder::SetMaxRecordingTime</ext-function>
    <ext-function>Osp::Base::Collection::ArrayList::RemoveAll</ext-function>
    <ext-function>michal_banas@oicw.pl&quot;, int MSGBOX_STYLE_OK, int</ext-function>
    <ext-function>Osp::Base::String::operator=</ext-function>
    <ext-function>Osp::Media::VideoRecorder::Construct</ext-function>
    <ext-function>Osp::Base::String::operator=</ext-function>
    <ext-function>Osp::App::Application::Terminate</ext-function>
    <ext-function>Osp::Base::Long::operator=</ext-function>
    <ext-function>Osp::Media::Camera::PowerOff</ext-function>
    <ext-function>Osp::Ui::Controls::MessageBox::ShowAndWait</ext-function>
    <ext-function>Osp::Ui::Controls::Form::AddSoftkeyActionListener</ext-function>
    <ext-function>Osp::Base::ByteBuffer::Construct</ext-function>
    <ext-function>Osp::Ui::Controls::Form::SetSoftkeyActionId</ext-function>
    <ext-function>michal_banas@oicw&quot; L&quot;.pl&quot;, int MSGBOX_STYLE_OK, int</ext-function>
    <ext-function>Osp::Base::Collection::ArrayList::Add</ext-function>
    <ext-function>Osp::Base::Long::operator=</ext-function>
    <ext-function>Osp::Base::String::operator=</ext-function>
</external-calls>
