<?xml version='1.0' ?>
<Manifest>
    <Id>10mk97p207</Id>
    <Secret>F39925314E1CF7ABAA4ED9C5AFF83534</Secret>
  <AppVersion>1.0.0</AppVersion>
  <ManifestVersion>1.1</ManifestVersion>
    <Privileges>
        <Privilege>
            <Name>CAMERA</Name>
        </Privilege>
        <Privilege>
            <Name>RECORDING</Name>
        </Privilege>
        <Privilege>
            <Name>SYSTEM_SERVICE</Name>
        </Privilege>
    </Privileges>
    <DeviceProfile>
        <APIVersion>1.0</APIVersion>
        <CPU>Cortex8</CPU>
        <Accelerator3D>OpenGL-ES1.1</Accelerator3D>
        <Accelerator3D>OpenGL-ES2.0</Accelerator3D>
        <ScreenSize>480x800</ScreenSize>
        <Connectivity>Bluetooth</Connectivity>
        <Connectivity>Wi-Fi</Connectivity>
        <Sensor>GPS</Sensor>
        <Sensor>Wi-Fi_and_cell-based_positioning</Sensor>
        <Sensor>Magnetic</Sensor>
        <Sensor>Proximity</Sensor>
        <Sensor>Accelerometer</Sensor>
        <Sensor>Tilt</Sensor>
        <UserInteraction>Vibration-effects</UserInteraction>
    </DeviceProfile>
</Manifest>