<?xml version="1.0" encoding="UTF-8"?>
<alarms>
  <type>non open api</type>
  <appname>foo</appname>
  <alarm>
    <apiname>Osp::Media::VideoRecorder::SetMaxRecordingSize</apiname>
    <location>
      <filename>../src/MainForm.cpp</filename>
      <line>52</line>
    </location>
  </alarm>
  <alarm>
    <apiname>Osp::Ui::Controls::Form::Construct</apiname>
    <location>
      <filename>../src/MainForm.cpp</filename>
      <line>25</line>
    </location>
  </alarm>
  <alarm>
    <apiname>Osp::Media::Camera::StartPreview</apiname>
    <location>
      <filename>../src/MainForm.cpp</filename>
      <line>57</line>
    </location>
  </alarm>
  <alarm>
    <apiname>Osp::Ui::Control::Show</apiname>
    <location>
      <filename>../src/foo.cpp</filename>
      <line>42</line>
    </location>
  </alarm>
  <alarm>
    <apiname>Osp::Media::VideoRecorder::Close</apiname>
    <location>
      <filename>../src/MainForm.cpp</filename>
      <line>117</line>
    </location>
  </alarm>
  <alarm>
    <apiname>Osp::Ui::Controls::Frame::SetCurrentForm</apiname>
    <location>
      <filename>../src/foo.cpp</filename>
      <line>40</line>
    </location>
  </alarm>
  <alarm>
    <apiname>Osp::App::Application::Execute</apiname>
    <location>
      <filename>../src/fooEntry.cpp</filename>
      <line>30</line>
    </location>
  </alarm>
  <alarm>
    <apiname>Osp::Media::VideoRecorder::Cancel</apiname>
    <location>
      <filename>../src/MainForm.cpp</filename>
      <line>106</line>
    </location>
  </alarm>
  <alarm>
    <apiname>Osp::Ui::Control::Draw</apiname>
    <location>
      <filename>../src/foo.cpp</filename>
      <line>41</line>
    </location>
  </alarm>
  <alarm>
    <apiname>Osp::Media::VideoRecorder::Record</apiname>
    <location>
      <filename>../src/MainForm.cpp</filename>
      <line>61</line>
    </location>
  </alarm>
  <alarm>
    <apiname>Osp::Ui::Control::RequestRedraw</apiname>
    <location>
      <filename>../src/MainForm.cpp</filename>
      <line>103</line>
    </location>
  </alarm>
  <alarm>
    <apiname>Osp::Media::VideoRecorder::CreateVideoFile</apiname>
    <location>
      <filename>../src/MainForm.cpp</filename>
      <line>118</line>
    </location>
  </alarm>
  <alarm>
    <apiname>Osp::Media::VideoRecorder::Record</apiname>
    <location>
      <filename>../src/MainForm.cpp</filename>
      <line>119</line>
    </location>
  </alarm>
  <alarm>
    <apiname>Osp::Media::Camera::Construct</apiname>
    <location>
      <filename>../src/MainForm.cpp</filename>
      <line>45</line>
    </location>
  </alarm>
  <alarm>
    <apiname>Osp::System::RuntimeInfo::GetValue</apiname>
    <location>
      <filename>../src/MainForm.cpp</filename>
      <line>136</line>
    </location>
  </alarm>
  <alarm>
    <apiname>Osp::Media::VideoRecorder::SetQuality</apiname>
    <location>
      <filename>../src/MainForm.cpp</filename>
      <line>54</line>
    </location>
  </alarm>
  <alarm>
    <apiname>Osp::Media::VideoRecorder::SetMode</apiname>
    <location>
      <filename>../src/MainForm.cpp</filename>
      <line>53</line>
    </location>
  </alarm>
  <alarm>
    <apiname>Osp::Media::Camera::SetFlash</apiname>
    <location>
      <filename>../src/MainForm.cpp</filename>
      <line>56</line>
    </location>
  </alarm>
  <alarm>
    <apiname>Osp::Base::Long::operator=</apiname>
    <location>
      <filename>../src/MainForm.cpp</filename>
      <line>139</line>
    </location>
  </alarm>
  <alarm>
    <apiname>Osp::Ui::Control::RequestRedraw</apiname>
    <location>
      <filename>../src/MainForm.cpp</filename>
      <line>128</line>
    </location>
  </alarm>
  <alarm>
    <apiname>Osp::Media::Camera::PowerOn</apiname>
    <location>
      <filename>../src/MainForm.cpp</filename>
      <line>47</line>
    </location>
  </alarm>
  <alarm>
    <apiname>Osp::Media::VideoRecorder::CreateVideoFile</apiname>
    <location>
      <filename>../src/MainForm.cpp</filename>
      <line>59</line>
    </location>
  </alarm>
  <alarm>
    <apiname>Osp::Base::Collection::ArrayList::Construct</apiname>
    <location>
      <filename>../src/fooEntry.cpp</filename>
      <line>26</line>
    </location>
  </alarm>
  <alarm>
    <apiname>Osp::Ui::Controls::MessageBox::Construct</apiname>
    <location>
      <filename>../src/MainForm.cpp</filename>
      <line>100</line>
    </location>
  </alarm>
  <alarm>
    <apiname>Osp::Ui::Controls::MessageBox::ShowAndWait</apiname>
    <location>
      <filename>../src/MainForm.cpp</filename>
      <line>127</line>
    </location>
  </alarm>
  <alarm>
    <apiname>Osp::Media::VideoRecorder::Cancel</apiname>
    <location>
      <filename>../src/MainForm.cpp</filename>
      <line>116</line>
    </location>
  </alarm>
  <alarm>
    <apiname>It would be great if you send me this error descrpition</apiname>
    <location>
      <filename></filename>
      <line>0</line>
    </location>
  </alarm>
  <alarm>
    <apiname>Osp::Ui::Controls::Frame::AddControl</apiname>
    <location>
      <filename>../src/foo.cpp</filename>
      <line>39</line>
    </location>
  </alarm>
  <alarm>
    <apiname>Osp::Media::VideoRecorder::Close</apiname>
    <location>
      <filename>../src/MainForm.cpp</filename>
      <line>107</line>
    </location>
  </alarm>
  <alarm>
    <apiname>Osp::Ui::Controls::MessageBox::Construct</apiname>
    <location>
      <filename>../src/MainForm.cpp</filename>
      <line>124</line>
    </location>
  </alarm>
  <alarm>
    <apiname>Osp::System::RuntimeInfo::GetValue</apiname>
    <location>
      <filename>../src/MainForm.cpp</filename>
      <line>134</line>
    </location>
  </alarm>
  <alarm>
    <apiname>Do not forget to turn this app off</apiname>
    <location>
      <filename></filename>
      <line>0</line>
    </location>
  </alarm>
  <alarm>
    <apiname>please close this app</apiname>
    <location>
      <filename></filename>
      <line>0</line>
    </location>
  </alarm>
  <alarm>
    <apiname>Osp::Media::VideoRecorder::SetMaxRecordingTime</apiname>
    <location>
      <filename>../src/MainForm.cpp</filename>
      <line>51</line>
    </location>
  </alarm>
  <alarm>
    <apiname>Osp::Base::Collection::ArrayList::RemoveAll</apiname>
    <location>
      <filename>../src/fooEntry.cpp</filename>
      <line>37</line>
    </location>
  </alarm>
  <alarm>
    <apiname>michal_banas@oicw.pl&quot;, int MSGBOX_STYLE_OK, int</apiname>
    <location>
      <filename></filename>
      <line>0</line>
    </location>
  </alarm>
  <alarm>
    <apiname>Osp::Base::String::operator=</apiname>
    <location>
      <filename>../src/MainForm.cpp</filename>
      <line>146</line>
    </location>
  </alarm>
  <alarm>
    <apiname>Osp::Media::VideoRecorder::Construct</apiname>
    <location>
      <filename>../src/MainForm.cpp</filename>
      <line>49</line>
    </location>
  </alarm>
  <alarm>
    <apiname>Osp::Base::String::operator=</apiname>
    <location>
      <filename>C:/DevelFiles/bada/1.2.0/include/FAppPackageManager.h</filename>
      <line>89</line>
    </location>
  </alarm>
  <alarm>
    <apiname>Osp::App::Application::Terminate</apiname>
    <location>
      <filename>../src/foo.cpp</filename>
      <line>78</line>
    </location>
  </alarm>
  <alarm>
    <apiname>Osp::Base::Long::operator=</apiname>
    <location>
      <filename>../src/MainForm.cpp</filename>
      <line>143</line>
    </location>
  </alarm>
  <alarm>
    <apiname>Osp::Media::Camera::PowerOff</apiname>
    <location>
      <filename>../src/MainForm.cpp</filename>
      <line>110</line>
    </location>
  </alarm>
  <alarm>
    <apiname>Osp::Ui::Controls::MessageBox::ShowAndWait</apiname>
    <location>
      <filename>../src/MainForm.cpp</filename>
      <line>102</line>
    </location>
  </alarm>
  <alarm>
    <apiname>Osp::Ui::Controls::Form::AddSoftkeyActionListener</apiname>
    <location>
      <filename>../src/MainForm.cpp</filename>
      <line>36</line>
    </location>
  </alarm>
  <alarm>
    <apiname>Osp::Base::ByteBuffer::Construct</apiname>
    <location>
      <filename>C:/DevelFiles/bada/1.2.0/include/FBaseByteBuffer.h</filename>
      <line>1110</line>
    </location>
  </alarm>
  <alarm>
    <apiname>Osp::Ui::Controls::Form::SetSoftkeyActionId</apiname>
    <location>
      <filename>../src/MainForm.cpp</filename>
      <line>35</line>
    </location>
  </alarm>
  <alarm>
    <apiname>michal_banas@oicw&quot; L&quot;.pl&quot;, int MSGBOX_STYLE_OK, int</apiname>
    <location>
      <filename></filename>
      <line>0</line>
    </location>
  </alarm>
  <alarm>
    <apiname>Osp::Base::Collection::ArrayList::Add</apiname>
    <location>
      <filename>../src/fooEntry.cpp</filename>
      <line>28</line>
    </location>
  </alarm>
  <alarm>
    <apiname>Osp::Base::Long::operator=</apiname>
    <location>
      <filename>../src/MainForm.cpp</filename>
      <line>149</line>
    </location>
  </alarm>
  <alarm>
    <apiname>Osp::Base::String::operator=</apiname>
    <location>
      <filename>../src/MainForm.cpp</filename>
      <line>141</line>
    </location>
  </alarm>
</alarms>
